Timestamp,Your Name,Year Group (16/17),College Username,College Username of Co-parent (e.g. 'js114'),Year 1 Ancillary,Year 2 Ancillary,a) Help and advice on matters relating to the course and department,"b) Help and advice with general Uni life (Halls, Clubs & Societies etc.)",c) Meeting and socialising with your kids at ChemSoc events ,d) Organising your own personal events as a family,a) Sports,b) Drama / Theatre,c) Dance,d) Music / Singing,e) Partying / Socialising,f) Studying,a) Christmas Ball / Summer Party,b) Seminars,c) Sports (Such as friendly dodgeball or football tournaments...),d) Quiz Nights,e) Careers / Networking Events,f) Other ChemSoc Events (Such as: Ice skating / Trampoline park visits / Pub crawls etc.)
2016/07/29 4:34:17 PM GMT+1,Daisy Rogers-Simmonds,Second Year,dr1415,krb15,MPC1,Other Horizons courses,5,5,5,4,2,5,5,5,5,4,5,3,1,1,2,3
2016/07/29 4:42:40 PM GMT+1,Kirsty Barron,Second Year,krb15,dr1415,MPC1,MPC2,5,5,5,5,3,4,5,4,3,3,5,4,3,5,4,5
2016/07/29 5:05:47 PM GMT+1,Antonia Reeves,Second Year,ar3015,PTH115,MedChem1,MedChem2,5,5,5,4,2,3,1,4,5,3,2,3,1,5,4,2
2016/07/29 5:08:15 PM GMT+1,Philip Thomas Hedley Hawkins ,Second Year,PTH115,AR3015,MPC1,MPC2,4,2,4,3,3,1,1,1,4,4,5,4,3,3,4,4
2016/07/29 5:08:31 PM GMT+1,Ahmed Carter,Second Year,ac4515,MW4015,MedChem1,Language,5,5,4,4,5,2,2,2,4,2,4,3,4,5,3,4
2016/07/29 5:29:40 PM GMT+1,Krystal Law,Second Year,kkl115,aoz15,MPC1,MPC2,5,5,5,5,4,3,3,4,5,5,5,5,3,5,4,5
2016/07/29 6:24:00 PM GMT+1,Ana Maria Dobre,Second Year,ad5215,jh6415,MPC1,MPC2,5,5,5,5,4,4,2,3,4,3,5,4,4,5,3,4
2016/07/29 6:45:58 PM GMT+1,Charlotte Borrill,Third Year,cab14,sfs114,MPC1,MPC2,5,5,5,5,2,3,5,3,5,4,5,5,3,5,5,5
2016/07/29 9:35:29 PM GMT+1,George Fish,Third Year,gcf14,jmd114,MPC1,Language,5,5,5,5,5,3,2,3,3,3,5,4,5,5,3,5
2016/07/29 10:09:51 PM GMT+1,Max Moser,Fourth Year,mm5713,pn813,Language,Other Horizons courses,5,5,5,5,5,3,3,4,5,5,5,5,5,5,3,4
2016/07/29 10:19:48 PM GMT+1,Philipp natho,Fourth Year,Pn813,Mm5713,Language,Other Horizons courses,5,4,4,5,5,3,4,4,3,5,5,5,5,5,3,5
2016/07/29 11:14:28 PM GMT+1,Natalie Uhlikova,Third Year,nu414,jv1214,Language,Language,5,5,5,5,4,3,5,5,3,4,4,5,4,4,5,4
2016/07/30 12:30:01 AM GMT+1,Aleksei Zaboronsky,Second Year,aoz15,kkl115,MPC1,MPC2,5,5,4,4,5,2,3,4,2,4,4,4,5,3,3,4
2016/07/30 1:34:52 AM GMT+1,Jack Dawson,Third Year,jmd114,gcf14,MPC1,MedChem2,5,5,5,5,5,2,2,3,4,4,5,4,5,4,3,5
2016/07/30 8:24:36 AM GMT+1,Ava Lage,Third Year,al3714,ben14,MedChem1,MedChem2,5,5,5,5,3,4,3,5,4,4,5,5,5,5,5,5
2016/07/30 10:50:22 AM GMT+1,Floriana Moruzzi ,Third Year,fm1914,gr714,MedChem1,Language,5,5,5,5,3,5,5,5,2,3,5,5,4,4,4,5
2016/07/30 10:53:02 AM GMT+1,Jake Hummell,Second Year,jh6415,ad5215,MedChem1,MedChem2,5,5,5,5,3,2,2,3,5,5,5,3,3,5,5,5
2016/07/30 11:36:14 AM GMT+1,Grace Murphy,Second Year,gm1110,cas115,MPC1,MPC2,4,4,2,5,3,1,4,3,5,3,5,1,2,1,3,4
2016/07/30 4:24:47 PM GMT+1,Diana Piermarini,Second Year,dp2615,nt814,Language,Language,4,5,3,3,2,2,3,2,5,4,2,4,1,2,5,2
2016/07/30 4:26:24 PM GMT+1,Sophie Griggs,Second Year,sg3415,ct1515,Language,UAS,5,5,4,4,5,1,2,3,4,4,5,3,3,3,5,4
2016/07/30 4:30:28 PM GMT+1,Charlotte Taylor,Second Year,ct1515,sg3415,Language,Language,3,5,4,5,5,2,2,3,4,3,4,3,4,2,3,4
2016/07/30 7:07:14 PM GMT+1,Chloe Chau,Second Year,Ohc15,na2615,MPC1,MPC2,5,5,5,5,2,4,4,5,2,4,5,3,4,2,4,5
2016/07/30 7:46:49 PM GMT+1,Nana Asare,Second Year,na2615,ohc15,MedChem1,MedChem2,5,4,4,5,2,3,4,3,3,2,4,2,4,3,4,3
2016/07/30 9:29:24 PM GMT+1,Diana-Alexandra Tanase,Second Year,dt2315,sn3215,MPC1,MPC2,5,5,4,3,3,3,2,2,4,4,5,5,2,4,4,4
2016/07/31 1:24:26 AM GMT+1,Stanley Ng,Second Year,sn3215,dt2315,MPC1,MPC2,5,4,5,4,4,2,2,3,3,4,4,4,4,3,4,2
2016/07/31 3:05:58 AM GMT+1,Dongxun Lyu,Second Year,Dl3715,yg5615,MedChem1,MedChem2,5,5,5,5,5,2,2,2,5,5,5,5,5,4,5,4
2016/07/31 1:18:43 PM GMT+1,Helena Benthall,Second Year,Hb915,Jd2615,MPC1,MPC2,5,5,3,5,5,5,2,5,4,4,4,3,1,1,3,2
2016/07/31 7:59:36 PM GMT+1,Jakub Vaith,Third Year,jv1214,nu414,MPC1,MPC2,5,5,5,5,4,4,2,2,3,4,2,5,3,4,5,4
2016/07/31 8:43:40 PM GMT+1,Milan Kundra,Second Year,MK2815,CEJ15,Language,Language,5,4,5,5,4,4,1,3,5,3,4,5,5,5,4,4
2016/07/31 9:01:47 PM GMT+1,Catherine Ellen Johnson,Second Year,cej15,mk2815,MedChem1,Language,4,5,5,5,4,3,5,4,4,4,4,4,5,3,4,4
2016/07/31 10:21:26 PM GMT+1,Emma Massey,Second Year,EM2815,SSV15,MedChem1,MedChem2,5,5,3,4,2,4,5,4,4,3,5,2,2,4,4,4
2016/08/01 8:43:19 AM GMT+1,Boglarka Nagy,Third Year,ben14,al3714,Language,Language,5,5,5,5,2,2,2,2,4,5,5,5,4,4,4,5
2016/08/01 11:48:56 AM GMT+1,Thomas Webb,Second Year,tw2115,lb3714,MPC1,MPC2,5,5,4,4,3,4,1,3,2,4,5,4,3,4,4,4
2016/08/01 11:54:37 AM GMT+1,Nik,Second Year,nt814,dp2615,MedChem1,Other Horizons courses,5,5,5,5,3,4,3,4,5,4,5,4,3,5,5,5
2016/08/01 12:26:13 PM GMT+1,Onur Guzel,Third Year,og114,go114,MedChem1,MedChem2,5,5,4,4,4,1,1,1,5,3,5,4,3,3,4,5
2016/08/01 12:26:15 PM GMT+1,Gatis Ogle,Third Year,go114,og114,MedChem1,MedChem2,4,5,4,5,3,2,2,3,4,2,3,1,3,3,4,5
2016/08/01 12:59:00 PM GMT+1,Zachary Goodwin,Fourth Year,ZG1413,kfl13,MPC1,MPC2,4,3,4,3,5,2,2,1,3,4,2,5,4,1,1,4
2016/08/01 6:06:20 PM GMT+1,Emmanuel Opoku,Second Year,EO1013,SJP115,Language,Language,4,5,3,4,5,2,4,5,5,4,5,4,4,3,4,4
2016/08/01 8:23:26 PM GMT+1,Gloria Rosetto,Third Year,gr714,fm1914,Language,Language,5,5,4,4,5,2,2,2,2,5,4,5,3,5,5,4
2016/08/01 10:34:40 PM GMT+1,Hajera Begum,Second Year,hbb15,als15,MPC1,MPC2,5,4,5,5,2,3,3,3,4,4,3,4,2,5,4,4
2016/08/01 10:37:21 PM GMT+1,Laras Soenarjo,Second Year,als15,hbb15,MPC1,Language,5,5,5,5,1,1,1,1,1,5,4,3,2,5,5,3
2016/08/03 9:25:56 PM GMT+1,Victor Landgraf,Second Year,vl915,EJR15,MPC1,Language,4,4,3,1,3,5,1,5,4,5,4,3,3,2,4,3
2016/08/04 11:32:44 AM GMT+1,Alexander Al-Zubeidi,Fourth Year,aa11413,rah113,MedChem1,BPES,5,5,5,5,1,1,1,4,3,4,1,3,1,5,1,3
2016/08/04 11:37:24 AM GMT+1,Rian Hendley,Fourth Year,RAH113,aa11413,MedChem1,MedChem2,5,5,5,4,5,4,1,4,2,2,2,4,4,4,3,4
2016/08/08 2:38:40 PM GMT+1,Saima Seer,Third Year,Sfs114,Cab14,MPC1,MPC2,4,5,5,5,2,2,2,2,4,3,5,4,1,5,4,5
2016/08/09 9:46:38 PM GMT+1,Sam Macer,Second Year,sm6415,hrc115,Language,Language,5,4,3,3,2,2,2,3,4,4,1,2,2,1,2,5
2016/08/09 9:48:15 PM GMT+1,Hannah Cudmore,Second Year,hrc115,sm6415,MPC1,Other Horizons courses,5,5,5,5,3,4,3,4,5,4,5,4,3,4,4,5
2016/08/13 12:56:57 AM GMT+1,Sarah Patterson,Second Year,SJP115,eo1013,MedChem1,MedChem2,5,5,3,3,5,1,1,3,3,4,5,5,3,3,3,3
2016/08/17 2:15:54 PM GMT+1,Siya Vij,Second Year,Ssv15,Em2815,MedChem1,BPES,5,5,4,5,2,4,4,4,5,3,5,4,2,3,4,4
2016/08/17 2:35:20 PM GMT+1,Katerina Stavri,Third Year,ks5214,mdf14,MedChem1,Language,5,5,5,5,4,5,5,4,5,3,4,5,3,4,5,5
2016/08/17 2:35:41 PM GMT+1,Jack Scantlebury,Fourth Year,JS6313,kwn14,MPC1,Language,3,4,5,4,3,1,1,2,5,4,5,2,5,4,2,4
2016/08/17 2:42:51 PM GMT+1,Megan Wills,Second Year,mlw115,js5515,MPC1,MPC2,5,5,5,5,3,1,2,1,5,4,4,3,3,5,4,5
2016/08/17 2:44:09 PM GMT+1,Jessica Sharp ,Second Year,js5515,mlw115,Language,Language,5,5,5,5,5,1,3,1,5,4,5,4,4,4,5,4
2016/08/17 2:45:14 PM GMT+1,Emily Brown,Third Year,eb1613,ssh214,MedChem1,MedChem2,5,5,5,5,2,2,2,3,5,4,5,5,4,4,2,5
2016/08/17 3:28:11 PM GMT+1,Yang Guo,Second Year,yg5615,Dl3715,MPC1,MPC2,5,3,3,4,1,3,1,5,3,5,2,3,1,3,2,3
2016/08/17 7:32:24 PM GMT+1,Madeleine Fellner,Third Year,Mdf14,Ks5214,Language,Language,5,5,5,5,5,3,3,3,3,3,5,4,2,3,3,3
2016/08/17 10:02:14 PM GMT+1,Hannah Kiely-Collins,Third Year,hjk114,mas314,MedChem1,MedChem2,5,5,3,5,5,2,3,4,4,4,5,4,3,2,3,3
2016/08/17 10:08:15 PM GMT+1,Michael Suarez,Third Year,mas314,hjk114,MedChem1,MPC2,5,5,5,5,5,3,1,3,5,1,4,4,4,4,4,5
2016/08/17 10:25:33 PM GMT+1,Felix de Courcy-Ireland,Second Year,fd915,lem215,MedChem1,MedChem2,5,5,5,5,4,4,4,4,4,4,4,5,5,5,5,4
2016/08/19 3:59:59 PM GMT+1,Christopher Hickling,Third Year,Ch3114,Efr114,Language,Language,5,5,3,4,2,3,2,3,5,1,1,5,1,3,4,2
2016/08/19 5:19:47 PM GMT+1,Ella Rice,Third Year,efr114,Ch3114,MPC1,Language,5,5,5,5,5,3,3,4,5,4,5,4,5,5,4,4
2016/08/19 9:48:17 PM GMT+1,Enrique Rodriguez,Second Year,EJR15,VL915,MPC1,MPC2,4,4,3,3,3,2,1,1,2,3,4,3,2,2,2,4
2016/08/20 2:44:24 AM GMT+1,"Wern ""Don't assign me Malaysians or Singaporeans"" Ng",Third Year,kwn14,JS6313,MPC1,MPC2,5,4,3,2,1,3,2,1,1,5,1,4,1,3,2,2
2016/08/21 4:41:00 PM GMT+1,Alistair Sturgiss,Second Year,Aps315,Ceh15,MPC1,BPES,5,5,4,4,3,2,2,1,5,3,5,5,3,3,3,3
2016/08/21 4:41:33 PM GMT+1,Cerian Healey,Second Year,ceh15,aps315,MedChem1,MPC2,5,5,5,5,4,4,5,5,5,2,5,4,2,5,3,4
2016/08/23 1:10:33 PM GMT+1,Christian Sofocleous,Second Year,cas115,gm1110,Language,BPES,4,5,5,3,5,1,1,1,5,1,5,2,4,2,5,4
2016/08/25 4:49:04 AM GMT+1,Mengyuan Wang,Second Year,MW4015,ac4515,Language,Language,5,5,3,3,3,4,4,5,3,3,4,3,3,2,3,3
2016/08/25 4:36:57 PM GMT+1,Sadman Shahrier Hassan,Third Year,ssh214,eb1613,MedChem1,MedChem2,5,5,5,5,4,5,5,5,5,4,5,4,3,4,5,5
2016/08/25 5:47:56 PM GMT+1,Fabian Thomas,Second Year,Ft1015,Ja1915,Language,Language,4,4,5,4,4,3,3,3,4,3,5,4,4,5,5,5
2016/08/26 7:41:34 PM GMT+1,William Micou,Second Year,wm1415,RLJ15,MPC1,MPC2,5,5,5,5,5,4,3,3,2,5,3,4,5,4,5,4
2016/08/26 7:42:17 PM GMT+1,Rebecca Jones,Second Year,RLJ15,wm1415,MPC1,UAS,5,5,5,5,4,5,5,3,4,4,5,4,4,4,4,5
2016/08/26 8:36:32 PM GMT+1,James Hale,Second Year,jh6215,hb2515,MPC1,MPC2,3,5,3,5,5,2,3,2,5,4,4,3,5,2,3,3
2016/08/26 8:38:30 PM GMT+1,Harry Burdis,Second Year,hb2515,jh6215,MPC1,MPC2,4,5,3,5,3,2,3,3,5,4,5,4,3,2,3,3
2016/09/03 4:26:51 PM GMT+1,shuzhe wang,Fourth Year,sw4512,rm1412,MPC1,MPC2,5,3,4,3,5,3,3,4,3,3,4,4,4,3,5,3
2016/09/11 1:50:58 PM GMT+1,Rex Manurung ,Fourth Year,rm1412,sw4512,MPC1,MPC2,5,5,5,5,4,3,1,1,5,4,5,4,3,3,4,4
2016/09/11 (Manually Entered),Lara Metcalf,Second Year,lem215,fd915,MedChem1,MedChem2,5,5,5,5,4,4,4,4,4,4,4,5,5,5,5,4
2016/09/11 (Manually Entered),Joshua Davies,Second Year,jd2615,hb915,MPC1,MPC2,5,5,3,5,5,5,2,5,4,4,4,3,1,1,3,2
